id,first_name,last_name,email,password,username,phone,status
34a0f82a-843d-4a55-9434-dfbd765a296f,Regina,Valdez,bowmansandra@example.com,X#4nDIi@@K,5a7bddd9-1aee-4141-ad29-d1cfa2be965a,828-648-1225x3756,active
e4054ae2-0418-414a-8852-ea4935040b61,Rebecca,Miller,srobinson@example.com,ha7rhcPt#C,708fd137-54c1-4b02-9a25-79d6ed388bbf,630.256.7515,suspended
aba20648-48fe-468c-9b4e-a3c13b27ad10,Elizabeth,Adams,qwalker@example.net,&8GMs0QyWD,8cbca1a1-b72e-47d1-a0e4-8bf04bae9d47,(425)845-6647x2380,inactive
c2a03d6a-fad2-4dfd-8ca0-f9508239cac0,Toni,Chaney,charles84@example.net,+47kAddhlc,ba7efeab-15f0-4987-90e5-e98f75dd902e,001-525-558-6547,deleted
6fc374b9-5ca2-4fbb-b441-0a00c7cce4f1,Albert,Thomas,jenniferscott@example.com,N@sZo3O6Oa,d1969669-3083-455b-b777-bd26f8b51b29,(405)207-8415x1659,inactive
190a6f6e-fd57-4e75-9148-327237280634,Clifford,Delgado,xward@example.net,C((&5SRd@y,66301e5c-f594-46db-8882-d81c49b54df9,(742)770-3314x591,active
729eccb2-c858-4304-8efb-44b84f6b98ed,Joanna,Parks,brittany58@example.net,%1hd&KmEpn,75213623-33d2-43c3-8170-f90cdd373bb3,+1-236-306-8268x5522,inactive
c0c371fa-3465-40f7-abab-6f3f3ea710e3,Ricardo,Bean,aaron07@example.net,$&VC8Aa#aK,acf04083-b7eb-4dae-803f-ac71211d929a,603.239.4019x0085,suspended
b4f8808b-23cc-4205-ac37-118d79f7f517,Matthew,Smith,michelle47@example.com,S(y3JNAn5x,90a970a9-3d02-4d5d-8b95-9a2ae14b9d37,(635)567-6899,active
6ffa2af8-9631-4160-af89-d150107d2714,Michael,Greene,nguyenjason@example.net,%pv0PQThZ2,d1542bb7-ce8c-4f78-aa96-a212800db135,(903)987-1503,inactive
2d4d1504-3e9c-479a-88d6-7fcd1fd31bda,Tristan,Stuart,yhill@example.net,g@8LIe@o((,608ddcc4-3192-4cb6-ae5d-ac09575fe3ae,001-390-275-0807x360,deleted
2bc21ed4-2946-432c-90bd-e736d9b25a4c,Victor,Glenn,warrensheena@example.org,!3CYrh788F,42936c0c-dd04-4a62-93a6-c267c1f8cafa,(227)512-0806x677,suspended
1c8e455e-9c00-4d70-ad2e-eac3bfea56c1,Joseph,Lawson,leslie51@example.com,L#S^2KvFOQ,cef209e2-7c91-44fc-a09a-d3d4b3f0f437,+1-702-799-4850x99499,suspended
4048f214-355c-4348-9482-999cd9b9857e,Cameron,Rose,michelle50@example.org,2eRjt+_u$3,36ad0ca5-60fe-43b1-b7e2-37eacf3edddb,505-590-0371x91490,suspended
a3bcad38-4acb-4335-affa-04c64622b8a3,Sherry,Tran,williamsariana@example.org,Svh_3UaV@q,add0729b-e0d4-4028-8a7e-668519fb0938,645-283-8358,active
db41bf11-c7f0-464d-bbb3-95e60a0d0cf2,Jamie,Thornton,elizabeth79@example.com,9I@_B6DiDF,0c482745-a200-479c-a5ad-05f4d38fea92,704-397-1377,active
6135a153-cfe8-4163-8834-a8cc7d640273,Alexander,Davis,natasharandall@example.net,&JZ+anOdp2,f02ef76c-a7c0-49da-9198-da9f49063861,3673866957,suspended
14e9d21e-013a-488c-b4ed-edcd380887a4,Michael,Bradshaw,lkennedy@example.com,_9bGhLFqq+,809012ea-3e45-4d80-a71a-435cf29c9b2a,001-653-201-9695x175,deleted
8d9c7c7f-8902-4e60-8061-3e1d9270083d,Teresa,Strickland,john33@example.com,G9m4Prn1^n,984f47e4-aa22-4104-a23f-85e0fbfa1855,001-350-703-2860x673,suspended
b549c4c4-f905-41a1-a9ec-568482e4a298,Wendy,Rich,zwagner@example.org,FG7JgmJl%o,fc208395-9931-47cd-a089-2f4f5b2b0793,583-258-9014x95563,active
074f3d80-aa31-42a8-8df3-eb21a360014a,Antonio,Terry,millerfernando@example.org,$q#E^dvTF7,8c7e50dd-2d00-40fe-8e11-ecf5e6c68d1c,+1-639-633-5715x9907,deleted
d4443366-7d19-4c35-8584-05034b76e313,Michael,Johnson,gordondurham@example.net,^DI35kLke8,48823532-87b3-49a8-b8d8-7dcd0c42614d,302-636-0295,deleted
11264930-7d15-4885-a0c7-d6ac3faf6ebd,Jeffrey,Carter,eholmes@example.com,!8_lIXUczs,afd45f29-3be7-4937-8e86-998b91f71b63,254.746.9106,deleted
4886de12-b309-4b3f-92eb-459d95d67f8c,Gary,Compton,kristaosborn@example.org,U9)IrcE8#f,b3ea7963-d192-44e6-8274-c9f54d2c6a9e,001-255-450-6465,deleted
20a8e714-80fe-4c04-aebb-837ab4fda01d,Travis,Rice,iweeks@example.com,*$1$cXvVeI,fd60ca6a-37de-4125-b933-f01a432ad9fc,+1-663-346-7740x4970,suspended
e9950838-c35f-44c6-844a-fa1b17c73073,Ashley,Jones,amber02@example.org,UL9uYpedL%,c9ec3124-8600-4bf7-a27d-aa6cb1d186b1,(826)502-5443x78626,active
3c22e0bf-362c-4705-85f1-661237ab8ab3,Wesley,Dodson,cgarner@example.net,H9*gC9Tpl*,fa90337b-66dd-4193-b5f8-94d638e160f0,(403)429-4521x00721,inactive
7ef79666-7cda-427e-9326-6fe141f05515,Lori,Richardson,torrescynthia@example.net,$a9TU%raW_,b1297394-82a4-448d-a233-dec7a8f1a29b,+1-255-431-1637,suspended
49140af6-3c8b-4edc-821a-d35aa50cb7de,Vincent,Davis,xcarter@example.net,^GtEY7zOK1,1635ac85-31a1-4614-8d2b-9f4bea9b38fd,+1-264-726-5031x7117,deleted
6abfb1a3-46cf-4817-9fca-a2b6982ba936,Russell,Harris,ryantownsend@example.org,fP11_+9gW$,75c01e92-a989-4262-bfa7-17e975abb5fd,001-980-675-5563x46042,deleted
